<?xml version="1.0" encoding="UTF-8"?>

<mule xmlns="http://www.mulesoft.org/schema/mule/core" xmlns:doc="http://www.mulesoft.org/schema/mule/documentation" xmlns:spring="http://www.springframework.org/schema/beans" xmlns:db="http://www.mulesoft.org/schema/mule/db" xmlns:http="http://www.mulesoft.org/schema/mule/http" xmlns:core="http://www.mulesoft.org/schema/mule/core" xmlns:xsi="http://www.w3.org/2001/XMLSchema-instance" xsi:schemaLocation="http://www.springframework.org/schema/beans http://www.springframework.org/schema/beans/spring-beans-current.xsd
http://www.mulesoft.org/schema/mule/db http://www.mulesoft.org/schema/mule/db/current/mule-db.xsd
http://www.mulesoft.org/schema/mule/http http://www.mulesoft.org/schema/mule/http/current/mule-http.xsd
http://www.mulesoft.org/schema/mule/core http://www.mulesoft.org/schema/mule/core/current/mule.xsd">
    <db:mysql-config name="MySQL_Configuration" host="localhost" port="3306" user="root" password="admin" database="ejemplo" doc:name="MySQL Configuration"/>
    <flow name="ejemplo4Flow">
        <http:listener config-ref="HTTP_Listener_Configuration" path="/ejemplo4" allowedMethods="GET" doc:name="HTTP"/>
        <set-variable variableName="edad" value="18" doc:name="Variable"/>
        <db:select config-ref="MySQL_Configuration" doc:name="Database">
            <db:parameterized-query><![CDATA[SELECT COUNT(*) AS cantidad FROM demo WHERE edad < #[flowVars.edad];]]></db:parameterized-query>
        </db:select>
        <logger message="Cantidad de personas menores de edad #[message.payload[0].cantidad]" level="INFO" doc:name="Logger"/>
        <db:update config-ref="MySQL_Configuration" doc:name="Database">
            <db:parameterized-query><![CDATA[UPDATE demo SET edad=edad+1 WHERE edad<#[flowVars.edad];]]></db:parameterized-query>
        </db:update>
    </flow>
</mule>
