<?xml version="1.0" encoding="UTF-8"?>

<mule xmlns:http="http://www.mulesoft.org/schema/mule/http" xmlns="http://www.mulesoft.org/schema/mule/core" xmlns:doc="http://www.mulesoft.org/schema/mule/documentation"
	xmlns:spring="http://www.springframework.org/schema/beans" 
	xmlns:xsi="http://www.w3.org/2001/XMLSchema-instance"
	xsi:schemaLocation="http://www.springframework.org/schema/beans http://www.springframework.org/schema/beans/spring-beans-current.xsd
http://www.mulesoft.org/schema/mule/core http://www.mulesoft.org/schema/mule/core/current/mule.xsd
http://www.mulesoft.org/schema/mule/http http://www.mulesoft.org/schema/mule/http/current/mule-http.xsd">
    <flow name="ejemplo6Flow">
        <http:listener config-ref="HTTP_Listener_Configuration" path="/ejemplo6" allowedMethods="POST" doc:name="HTTP"/>
        <logger message="#[message.payloadAs(java.lang.String)]" level="INFO" doc:name="Logger"/>
        <invoke name="Invoke2" object-ref="util" method="getError" methodArguments="#[json:estado]" methodArgumentTypes="java.lang.Integer"/>
        <catch-exception-strategy doc:name="Catch Exception Strategy">
            <logger message="Error Obtenido: #[exception.cause]" level="INFO" doc:name="Logger"/>
        </catch-exception-strategy>
    </flow>
    <flow name="ejemplo6Flow1">
        <http:listener config-ref="HTTP_Listener_Configuration" path="/ejemplo6_2" allowedMethods="POST" doc:name="HTTP"/>
        <logger message="#[message.payloadAs(java.lang.String)]" level="INFO" doc:name="Copy_of_Logger"/>
        <invoke name="Copy_of_Invoke2" object-ref="util" method="getError" methodArguments="#[json:estado]" methodArgumentTypes="java.lang.Integer"/>
        <exception-strategy ref="ChoiceExceptionStrategy" doc:name="Reference Exception Strategy"/>
    </flow>
    <choice-exception-strategy name="ChoiceExceptionStrategy">
        <catch-exception-strategy when="#[exception.causedBy(java.lang.ArithmeticException)]" doc:name="Catch Exception Strategy">
            <logger message="Error obtenido personalizado: #[exception.cause]" level="INFO" doc:name="Logger"/>
        </catch-exception-strategy>
        <catch-exception-strategy doc:name="Catch Exception Strategy">
            <logger message="Error obtenido generico: #[exception.cause]" level="INFO" doc:name="Logger"/>
        </catch-exception-strategy>
    </choice-exception-strategy>
</mule>
